bandwidth,optimizer,energy,device,payload
250,1.340711060230248,8182.9505862847745,3,{'d4_conv3': {'count': 1| 'size': 1.41}| 'd4_conv2': {'count': 1| 'size': 2.8204}| 'd4_conv5': {'count': 1| 'size': 1.41}| 'nk_conv8': {'count': 1| 'size': 1.41}| 'nk_conv15': {'count': 1| 'size': 2.8204}| 'hd_conv8': {'count': 1| 'size': 2.8204}| 'nk_conv20': {'count': 1| 'size': 5.6408}| 'decode1': {'count': 1| 'size': 0.041}| 'decode2': {'count': 1| 'size': 0.1643}}
500,3.360681803727047,5187.136837335116,3,{'d4_conv3': {'count': 1| 'size': 1.41}| 'd4_conv2': {'count': 1| 'size': 2.8204}| 'd5_conv1': {'count': 1| 'size': 2.8204}| 'd5_conv2': {'count': 1| 'size': 1.41}| 'd4_conv5': {'count': 1| 'size': 1.41}| 'nk_conv8': {'count': 1| 'size': 1.41}| 'nk_conv15': {'count': 1| 'size': 2.8204}| 'hd_conv8': {'count': 1| 'size': 2.8204}| 'nk_conv20': {'count': 1| 'size': 5.6408}| 'decode1': {'count': 1| 'size': 0.041}| 'decode2': {'count': 1| 'size': 0.1643}}
750,3.838962030146917,3458.091224890077,3,{'d4_conv3': {'count': 1| 'size': 1.41}| 'd4_conv2': {'count': 1| 'size': 2.8204}| 'd5_conv1': {'count': 1| 'size': 2.8204}| 'd5_conv2': {'count': 1| 'size': 1.41}| 'd4_conv5': {'count': 1| 'size': 1.41}| 'nk_conv8': {'count': 1| 'size': 1.41}| 'nk_conv15': {'count': 1| 'size': 2.8204}| 'hd_conv8': {'count': 1| 'size': 2.8204}| 'nk_conv20': {'count': 1| 'size': 5.6408}| 'decode1': {'count': 1| 'size': 0.041}| 'decode2': {'count': 1| 'size': 0.1643}}
1000,4.486675570819841,4235.068645982085,3,{'d3_conv1': {'count': 1| 'size': 11.2812}| 'd3_conv2': {'count': 1| 'size': 5.6408}| 'd4_conv3': {'count': 1| 'size': 1.41}| 'd4_conv2': {'count': 1| 'size': 2.8204}| 'd5_conv1': {'count': 1| 'size': 2.8204}| 'd5_conv2': {'count': 1| 'size': 1.41}| 'd4_conv5': {'count': 1| 'size': 1.41}| 'nk_conv8': {'count': 1| 'size': 1.41}| 'nk_conv15': {'count': 1| 'size': 2.8204}| 'hd_conv8': {'count': 1| 'size': 2.8204}| 'nk_conv20': {'count': 1| 'size': 5.6408}| 'decode1': {'count': 1| 'size': 0.041}| 'decode2': {'count': 1| 'size': 0.1643}}
1250,4.708943585829687,4296.8817813751675,3,{'d3_conv1': {'count': 1| 'size': 11.2812}| 'd3_conv2': {'count': 1| 'size': 5.6408}| 'd4_conv3': {'count': 1| 'size': 1.41}| 'd4_conv2': {'count': 1| 'size': 2.8204}| 'd5_conv1': {'count': 1| 'size': 2.8204}| 'd5_conv2': {'count': 1| 'size': 1.41}| 'nk_conv3': {'count': 1| 'size': 1.41}| 'nk_maxpl1': {'count': 1| 'size': 0.7052}| 'd4_conv5': {'count': 1| 'size': 1.41}| 'nk_conv8': {'count': 1| 'size': 1.41}| 'd3_conv5': {'count': 1| 'size': 2.8204}| 'nk_conv15': {'count': 1| 'size': 2.8204}| 'hd_conv8': {'count': 1| 'size': 2.8204}| 'nk_conv20': {'count': 1| 'size': 5.6408}| 'decode1': {'count': 1| 'size': 0.041}| 'decode2': {'count': 1| 'size': 0.1643}}
1500,4.948097267273013,3171.772366820839,3,{'d3_conv1': {'count': 1| 'size': 11.2812}| 'd3_conv2': {'count': 1| 'size': 5.6408}| 'd4_conv3': {'count': 1| 'size': 1.41}| 'd4_conv2': {'count': 1| 'size': 2.8204}| 'd5_conv1': {'count': 1| 'size': 2.8204}| 'd5_conv2': {'count': 1| 'size': 1.41}| 'nk_conv3': {'count': 3| 'size': 1.41}| 'nk_maxpl1': {'count': 1| 'size': 0.7052}| 'nk_maxpl3': {'count': 1| 'size': 0.7052}| 'nk_conv8': {'count': 1| 'size': 1.41}| 'nk_conv15': {'count': 1| 'size': 2.8204}| 'hd_conv8': {'count': 1| 'size': 2.8204}| 'nk_conv20': {'count': 1| 'size': 5.6408}| 'decode1': {'count': 1| 'size': 0.041}| 'decode2': {'count': 1| 'size': 0.1643}}
1750,5.118921325446792,2830.747668079865,3,{'d3_conv1': {'count': 1| 'size': 11.2812}| 'd3_conv2': {'count': 1| 'size': 5.6408}| 'd4_conv3': {'count': 1| 'size': 1.41}| 'd4_conv2': {'count': 1| 'size': 2.8204}| 'd5_conv1': {'count': 1| 'size': 2.8204}| 'd5_conv2': {'count': 1| 'size': 1.41}| 'nk_conv3': {'count': 3| 'size': 1.41}| 'nk_maxpl1': {'count': 1| 'size': 0.7052}| 'nk_maxpl3': {'count': 1| 'size': 0.7052}| 'nk_conv8': {'count': 1| 'size': 1.41}| 'nk_conv15': {'count': 1| 'size': 2.8204}| 'hd_conv8': {'count': 1| 'size': 2.8204}| 'nk_conv20': {'count': 1| 'size': 5.6408}| 'decode1': {'count': 1| 'size': 0.041}| 'decode2': {'count': 1| 'size': 0.1643}}
2000,5.224142975259184,2763.08757644349,3,{'d3_conv1': {'count': 1| 'size': 11.2812}| 'd3_conv2': {'count': 1| 'size': 5.6408}| 'd4_conv3': {'count': 1| 'size': 1.41}| 'd4_conv2': {'count': 1| 'size': 2.8204}| 'd5_conv1': {'count': 1| 'size': 2.8204}| 'd5_conv2': {'count': 1| 'size': 1.41}| 'nk_conv3': {'count': 3| 'size': 1.41}| 'nk_maxpl1': {'count': 1| 'size': 0.7052}| 'nk_maxpl3': {'count': 1| 'size': 0.7052}| 'd4_conv5': {'count': 1| 'size': 1.41}| 'nk_conv8': {'count': 1| 'size': 1.41}| 'd3_conv5': {'count': 1| 'size': 2.8204}| 'nk_conv15': {'count': 1| 'size': 2.8204}| 'hd_conv8': {'count': 1| 'size': 2.8204}| 'nk_conv20': {'count': 1| 'size': 5.6408}| 'decode1': {'count': 1| 'size': 0.041}| 'decode2': {'count': 1| 'size': 0.1643}}
2250,5.283933656992261,2464.0738471365694,3,{'d3_conv1': {'count': 1| 'size': 11.2812}| 'd3_conv2': {'count': 1| 'size': 5.6408}| 'd4_conv3': {'count': 1| 'size': 1.41}| 'd4_conv2': {'count': 1| 'size': 2.8204}| 'd5_conv1': {'count': 1| 'size': 2.8204}| 'd5_conv2': {'count': 1| 'size': 1.41}| 'nk_conv3': {'count': 3| 'size': 1.41}| 'nk_maxpl1': {'count': 1| 'size': 0.7052}| 'nk_maxpl3': {'count': 1| 'size': 0.7052}| 'd4_conv5': {'count': 1| 'size': 1.41}| 'nk_conv8': {'count': 1| 'size': 1.41}| 'd3_conv5': {'count': 1| 'size': 2.8204}| 'nk_conv15': {'count': 1| 'size': 2.8204}| 'hd_conv8': {'count': 1| 'size': 2.8204}| 'nk_conv20': {'count': 1| 'size': 5.6408}| 'decode1': {'count': 1| 'size': 0.041}| 'decode2': {'count': 1| 'size': 0.1643}}
