bandwidth,optimizer,energy,device,payload
250,4.597068615158477,7847.515953898022,4,{'dark4': {'count': 2| 'size': 3.9062}| 'dark3': {'count': 1| 'size': 7.8125}| 'C3_p3': {'count': 1| 'size': 7.8125}| 'stems_2': {'count': 1| 'size': 0.4883}| 'reg_preds_2': {'count': 1| 'size': 0.0061}| 'obj_preds_2': {'count': 1| 'size': 0.0015}| 'partial_out_1': {'count': 1| 'size': 0.5188}| 'partial_out_2': {'count': 1| 'size': 0.1297}}
500,11.12943923213281,5697.2566204367495,5,{'dark4': {'count': 2| 'size': 3.9062}| 'dark3': {'count': 1| 'size': 7.8125}| 'stems_2': {'count': 1| 'size': 0.4883}| 'reg_preds_2': {'count': 1| 'size': 0.0061}| 'obj_preds_2': {'count': 1| 'size': 0.0015}| 'C3_n3': {'count': 1| 'size': 3.9062}| 'stems_1': {'count': 1| 'size': 1.9531}| 'reg_preds_1': {'count': 1| 'size': 0.0244}| 'obj_preds_1': {'count': 1| 'size': 0.0061}| 'C3_p3': {'count': 1| 'size': 7.8125}| 'stems_0': {'count': 2| 'size': 7.8125}| 'reg_preds_0': {'count': 1| 'size': 0.0977}| 'obj_preds_0': {'count': 1| 'size': 0.0244}| 'partial_out_2': {'count': 1| 'size': 0.1297}}
750,12.232493118307488,4221.953865777913,5,{'dark4': {'count': 2| 'size': 3.9062}| 'dark3': {'count': 1| 'size': 7.8125}| 'stems_2': {'count': 1| 'size': 0.4883}| 'reg_preds_2': {'count': 1| 'size': 0.0061}| 'obj_preds_2': {'count': 1| 'size': 0.0015}| 'C3_n3': {'count': 1| 'size': 3.9062}| 'stems_1': {'count': 1| 'size': 1.9531}| 'reg_preds_1': {'count': 1| 'size': 0.0244}| 'obj_preds_1': {'count': 1| 'size': 0.0061}| 'C3_p3': {'count': 1| 'size': 7.8125}| 'stems_0': {'count': 2| 'size': 7.8125}| 'reg_preds_0': {'count': 1| 'size': 0.0977}| 'obj_preds_0': {'count': 1| 'size': 0.0244}| 'partial_out_0': {'count': 1| 'size': 2.0752}| 'partial_out_1': {'count': 1| 'size': 0.5188}}
1000,12.739158632020406,3005.7651700434735,5,{'dark4': {'count': 2| 'size': 3.9062}| 'dark3': {'count': 1| 'size': 7.8125}| 'stems_2': {'count': 1| 'size': 0.4883}| 'reg_preds_2': {'count': 1| 'size': 0.0061}| 'obj_preds_2': {'count': 1| 'size': 0.0015}| 'C3_n3': {'count': 1| 'size': 3.9062}| 'stems_1': {'count': 1| 'size': 1.9531}| 'reg_preds_1': {'count': 1| 'size': 0.0244}| 'obj_preds_1': {'count': 1| 'size': 0.0061}| 'C3_p3': {'count': 1| 'size': 7.8125}| 'stems_0': {'count': 2| 'size': 7.8125}| 'reg_preds_0': {'count': 1| 'size': 0.0977}| 'obj_preds_0': {'count': 1| 'size': 0.0244}| 'partial_out_0': {'count': 1| 'size': 2.0752}| 'partial_out_1': {'count': 1| 'size': 0.5188}}
1250,13.04315794024818,2682.5594008613352,5,{'dark4': {'count': 2| 'size': 3.9062}| 'dark3': {'count': 1| 'size': 7.8125}| 'stems_2': {'count': 1| 'size': 0.4883}| 'reg_preds_2': {'count': 1| 'size': 0.0061}| 'obj_preds_2': {'count': 1| 'size': 0.0015}| 'C3_n3': {'count': 1| 'size': 3.9062}| 'stems_1': {'count': 1| 'size': 1.9531}| 'reg_preds_1': {'count': 1| 'size': 0.0244}| 'obj_preds_1': {'count': 1| 'size': 0.0061}| 'C3_p3': {'count': 1| 'size': 7.8125}| 'stems_0': {'count': 2| 'size': 7.8125}| 'reg_preds_0': {'count': 1| 'size': 0.0977}| 'obj_preds_0': {'count': 1| 'size': 0.0244}| 'partial_out_0': {'count': 1| 'size': 2.0752}| 'partial_out_1': {'count': 1| 'size': 0.5188}}
1500,13.245824145733351,2213.277497584185,5,{'dark4': {'count': 2| 'size': 3.9062}| 'dark3': {'count': 1| 'size': 7.8125}| 'stems_2': {'count': 1| 'size': 0.4883}| 'reg_preds_2': {'count': 1| 'size': 0.0061}| 'obj_preds_2': {'count': 1| 'size': 0.0015}| 'C3_n3': {'count': 1| 'size': 3.9062}| 'stems_1': {'count': 1| 'size': 1.9531}| 'reg_preds_1': {'count': 1| 'size': 0.0244}| 'obj_preds_1': {'count': 1| 'size': 0.0061}| 'C3_p3': {'count': 1| 'size': 7.8125}| 'stems_0': {'count': 2| 'size': 7.8125}| 'reg_preds_0': {'count': 1| 'size': 0.0977}| 'obj_preds_0': {'count': 1| 'size': 0.0244}| 'partial_out_0': {'count': 1| 'size': 2.0752}| 'partial_out_1': {'count': 1| 'size': 0.5188}}
1750,13.3905857210799,1966.9239776428722,5,{'dark4': {'count': 2| 'size': 3.9062}| 'dark3': {'count': 1| 'size': 7.8125}| 'stems_2': {'count': 1| 'size': 0.4883}| 'reg_preds_2': {'count': 1| 'size': 0.0061}| 'obj_preds_2': {'count': 1| 'size': 0.0015}| 'C3_n3': {'count': 1| 'size': 3.9062}| 'stems_1': {'count': 1| 'size': 1.9531}| 'reg_preds_1': {'count': 1| 'size': 0.0244}| 'obj_preds_1': {'count': 1| 'size': 0.0061}| 'C3_p3': {'count': 1| 'size': 7.8125}| 'stems_0': {'count': 2| 'size': 7.8125}| 'reg_preds_0': {'count': 1| 'size': 0.0977}| 'obj_preds_0': {'count': 1| 'size': 0.0244}| 'partial_out_0': {'count': 1| 'size': 2.0752}| 'partial_out_1': {'count': 1| 'size': 0.5188}}
2000,13.499156902589831,1734.1366667892753,5,{'dark4': {'count': 2| 'size': 3.9062}| 'dark3': {'count': 1| 'size': 7.8125}| 'stems_2': {'count': 1| 'size': 0.4883}| 'reg_preds_2': {'count': 1| 'size': 0.0061}| 'obj_preds_2': {'count': 1| 'size': 0.0015}| 'C3_n3': {'count': 1| 'size': 3.9062}| 'stems_1': {'count': 1| 'size': 1.9531}| 'reg_preds_1': {'count': 1| 'size': 0.0244}| 'obj_preds_1': {'count': 1| 'size': 0.0061}| 'C3_p3': {'count': 1| 'size': 7.8125}| 'stems_0': {'count': 2| 'size': 7.8125}| 'reg_preds_0': {'count': 1| 'size': 0.0977}| 'obj_preds_0': {'count': 1| 'size': 0.0244}| 'partial_out_0': {'count': 1| 'size': 2.0752}| 'partial_out_1': {'count': 1| 'size': 0.5188}}
2250,13.583601154875325,1545.956483339247,5,{'dark4': {'count': 2| 'size': 3.9062}| 'dark3': {'count': 1| 'size': 7.8125}| 'stems_2': {'count': 1| 'size': 0.4883}| 'reg_preds_2': {'count': 1| 'size': 0.0061}| 'obj_preds_2': {'count': 1| 'size': 0.0015}| 'C3_n3': {'count': 1| 'size': 3.9062}| 'stems_1': {'count': 1| 'size': 1.9531}| 'reg_preds_1': {'count': 1| 'size': 0.0244}| 'obj_preds_1': {'count': 1| 'size': 0.0061}| 'C3_p3': {'count': 1| 'size': 7.8125}| 'stems_0': {'count': 2| 'size': 7.8125}| 'reg_preds_0': {'count': 1| 'size': 0.0977}| 'obj_preds_0': {'count': 1| 'size': 0.0244}| 'partial_out_0': {'count': 1| 'size': 2.0752}| 'partial_out_1': {'count': 1| 'size': 0.5188}}
