bandwidth,optimizer,energy,device,payload
250,4.5848916967976265,2932.5627588627062,2,{'inner_3': {'count': 1| 'size': 0.64}| 'add__2': {'count': 1| 'size': 2.56}| 'rpn_parallel_f2': {'count': 1| 'size': 0.028}| 'rpn_parallel_f3': {'count': 1| 'size': 0.028}| 'rpn_parallel_f4': {'count': 1| 'size': 0.0142}| 'layer_2': {'count': 1| 'size': 2.56}| 'layer_3': {'count': 1| 'size': 0.64}| 'extra': {'count': 1| 'size': 0.1731}}
500,4.5848916967976265,1513.5347949713134,2,{'inner_3': {'count': 1| 'size': 0.64}| 'add__2': {'count': 1| 'size': 2.56}| 'rpn_parallel_f2': {'count': 1| 'size': 0.028}| 'rpn_parallel_f3': {'count': 1| 'size': 0.028}| 'rpn_parallel_f4': {'count': 1| 'size': 0.0142}| 'layer_2': {'count': 1| 'size': 2.56}| 'layer_3': {'count': 1| 'size': 0.64}| 'extra': {'count': 1| 'size': 0.1731}}
750,9.376749605713512,4114.031431744096,2,{'inner_3': {'count': 1| 'size': 0.64}| 'add__2': {'count': 1| 'size': 2.56}| 'add__1': {'count': 1| 'size': 10.24}| 'rpn_parallel_f0': {'count': 1| 'size': 0.028}| 'layer_1': {'count': 1| 'size': 10.24}| 'layer_2': {'count': 1| 'size': 2.56}| 'layer_3': {'count': 1| 'size': 0.64}| 'extra': {'count': 1| 'size': 0.1731}| 'rpn_merger': {'count': 2| 'size': 0.02}}
1000,10.452340632418483,2897.1652425604993,2,{'add__1': {'count': 1| 'size': 10.24}| 'add__2': {'count': 1| 'size': 2.56}| 'inner_3': {'count': 1| 'size': 0.64}| 'rpn_parallel_f1': {'count': 1| 'size': 0.028}| 'rpn_parallel_f2': {'count': 1| 'size': 0.028}| 'rpn_parallel_f3': {'count': 1| 'size': 0.028}| 'rpn_parallel_f4': {'count': 1| 'size': 0.0142}| 'layer_1': {'count': 1| 'size': 10.24}| 'layer_2': {'count': 1| 'size': 2.56}| 'layer_3': {'count': 1| 'size': 0.64}| 'extra': {'count': 1| 'size': 0.1731}}
1250,10.452340632418483,2614.3449189283124,2,{'inner_3': {'count': 1| 'size': 0.64}| 'add__2': {'count': 1| 'size': 2.56}| 'add__1': {'count': 1| 'size': 10.24}| 'rpn_parallel_f1': {'count': 1| 'size': 0.028}| 'rpn_parallel_f2': {'count': 1| 'size': 0.028}| 'rpn_parallel_f3': {'count': 1| 'size': 0.028}| 'rpn_parallel_f4': {'count': 1| 'size': 0.0142}| 'layer_1': {'count': 1| 'size': 10.24}| 'layer_2': {'count': 1| 'size': 2.56}| 'layer_3': {'count': 1| 'size': 0.64}| 'extra': {'count': 1| 'size': 0.1731}}
1500,10.452340632418483,2160.7746880949508,2,{'add__1': {'count': 1| 'size': 10.24}| 'add__2': {'count': 1| 'size': 2.56}| 'inner_3': {'count': 1| 'size': 0.64}| 'rpn_parallel_f1': {'count': 1| 'size': 0.028}| 'rpn_parallel_f2': {'count': 1| 'size': 0.028}| 'rpn_parallel_f3': {'count': 1| 'size': 0.028}| 'rpn_parallel_f4': {'count': 1| 'size': 0.0142}| 'layer_1': {'count': 1| 'size': 10.24}| 'layer_2': {'count': 1| 'size': 2.56}| 'layer_3': {'count': 1| 'size': 0.64}| 'extra': {'count': 1| 'size': 0.1731}}
1750,10.452340632418483,1928.7684061931468,2,{'add__1': {'count': 1| 'size': 10.24}| 'add__2': {'count': 1| 'size': 2.56}| 'inner_3': {'count': 1| 'size': 0.64}| 'rpn_parallel_f1': {'count': 1| 'size': 0.028}| 'rpn_parallel_f2': {'count': 1| 'size': 0.028}| 'rpn_parallel_f3': {'count': 1| 'size': 0.028}| 'rpn_parallel_f4': {'count': 1| 'size': 0.0142}| 'layer_1': {'count': 1| 'size': 10.24}| 'layer_2': {'count': 1| 'size': 2.56}| 'layer_3': {'count': 1| 'size': 0.64}| 'extra': {'count': 1| 'size': 0.1731}}
2000,10.452340632418483,1702.0328776496442,2,{'add__1': {'count': 1| 'size': 10.24}| 'add__2': {'count': 1| 'size': 2.56}| 'inner_3': {'count': 1| 'size': 0.64}| 'rpn_parallel_f1': {'count': 1| 'size': 0.028}| 'rpn_parallel_f2': {'count': 1| 'size': 0.028}| 'rpn_parallel_f3': {'count': 1| 'size': 0.028}| 'rpn_parallel_f4': {'count': 1| 'size': 0.0142}| 'layer_1': {'count': 1| 'size': 10.24}| 'layer_2': {'count': 1| 'size': 2.56}| 'layer_3': {'count': 1| 'size': 0.64}| 'extra': {'count': 1| 'size': 0.1731}}
2250,10.452340632418483,1517.8611772533475,2,{'add__1': {'count': 1| 'size': 10.24}| 'add__2': {'count': 1| 'size': 2.56}| 'inner_3': {'count': 1| 'size': 0.64}| 'rpn_parallel_f1': {'count': 1| 'size': 0.028}| 'rpn_parallel_f2': {'count': 1| 'size': 0.028}| 'rpn_parallel_f3': {'count': 1| 'size': 0.028}| 'rpn_parallel_f4': {'count': 1| 'size': 0.0142}| 'layer_1': {'count': 1| 'size': 10.24}| 'layer_2': {'count': 1| 'size': 2.56}| 'layer_3': {'count': 1| 'size': 0.64}| 'extra': {'count': 1| 'size': 0.1731}}
