bandwidth,optimizer,energy,device,payload
250,12.79832392056842,2253.0670481891907,4,{'stems_2': {'count': 1| 'size': 0.1953}| 'cls_preds_2': {'count': 1| 'size': 0.0305}| 'C3_n3': {'count': 1| 'size': 1.5625}| 'C3_p3': {'count': 1| 'size': 3.125}| 'partial_out_1': {'count': 1| 'size': 0.1526}| 'partial_out_2': {'count': 1| 'size': 0.0381}}
500,15.592566952086004,1472.935710109289,5,{'stems_2': {'count': 1| 'size': 0.1953}| 'reg_preds_2': {'count': 1| 'size': 0.0061}| 'obj_preds_2': {'count': 1| 'size': 0.0015}| 'C3_n3': {'count': 1| 'size': 1.5625}| 'stems_1': {'count': 1| 'size': 0.7812}| 'reg_preds_1': {'count': 1| 'size': 0.0244}| 'obj_preds_1': {'count': 1| 'size': 0.0061}| 'C3_p3': {'count': 1| 'size': 3.125}| 'partial_out_0': {'count': 1| 'size': 0.6104}| 'partial_out_1': {'count': 1| 'size': 0.1526}}
750,15.68744762251778,981.9571400728594,5,{'stems_2': {'count': 1| 'size': 0.1953}| 'reg_preds_2': {'count': 1| 'size': 0.0061}| 'obj_preds_2': {'count': 1| 'size': 0.0015}| 'C3_n3': {'count': 1| 'size': 1.5625}| 'stems_1': {'count': 1| 'size': 0.7812}| 'reg_preds_1': {'count': 1| 'size': 0.0244}| 'obj_preds_1': {'count': 1| 'size': 0.0061}| 'C3_p3': {'count': 1| 'size': 3.125}| 'partial_out_0': {'count': 1| 'size': 0.6104}| 'partial_out_1': {'count': 1| 'size': 0.1526}}
1000,15.734887957733662,689.8551085833046,5,{'stems_2': {'count': 1| 'size': 0.1953}| 'reg_preds_2': {'count': 1| 'size': 0.0061}| 'obj_preds_2': {'count': 1| 'size': 0.0015}| 'C3_n3': {'count': 1| 'size': 1.5625}| 'stems_1': {'count': 1| 'size': 0.7812}| 'reg_preds_1': {'count': 1| 'size': 0.0244}| 'obj_preds_1': {'count': 1| 'size': 0.0061}| 'C3_p3': {'count': 1| 'size': 3.125}| 'partial_out_0': {'count': 1| 'size': 0.6104}| 'partial_out_1': {'count': 1| 'size': 0.1526}}
1250,15.763352158863183,935.1685083813869,5,{'stems_2': {'count': 1| 'size': 0.1953}| 'reg_preds_2': {'count': 1| 'size': 0.0061}| 'obj_preds_2': {'count': 1| 'size': 0.0015}| 'C3_n3': {'count': 1| 'size': 1.5625}| 'stems_1': {'count': 1| 'size': 0.7812}| 'reg_preds_1': {'count': 1| 'size': 0.0244}| 'obj_preds_1': {'count': 1| 'size': 0.0061}| 'C3_p3': {'count': 1| 'size': 3.125}| 'stems_0': {'count': 1| 'size': 3.125}| 'reg_preds_0': {'count': 1| 'size': 0.0977}| 'obj_preds_0': {'count': 1| 'size': 0.0244}| 'partial_out_0': {'count': 1| 'size': 0.6104}| 'partial_out_1': {'count': 1| 'size': 0.1526}}
1500,15.782328292949543,530.0528421323327,5,{'reg_convs_2': {'count': 1| 'size': 0.1953}| 'stems_2': {'count': 1| 'size': 0.1953}| 'reg_preds_2': {'count': 1| 'size': 0.0061}| 'obj_preds_2': {'count': 1| 'size': 0.0015}| 'C3_n3': {'count': 1| 'size': 1.5625}| 'stems_1': {'count': 1| 'size': 0.7812}| 'reg_preds_1': {'count': 1| 'size': 0.0244}| 'obj_preds_1': {'count': 1| 'size': 0.0061}| 'C3_p3': {'count': 1| 'size': 3.125}| 'partial_out_0': {'count': 1| 'size': 0.6104}| 'partial_out_1': {'count': 1| 'size': 0.1526}}
1750,15.795882674439795,473.14011088267716,5,{'reg_convs_2': {'count': 1| 'size': 0.1953}| 'stems_2': {'count': 1| 'size': 0.1953}| 'reg_preds_2': {'count': 1| 'size': 0.0061}| 'obj_preds_2': {'count': 1| 'size': 0.0015}| 'C3_n3': {'count': 1| 'size': 1.5625}| 'stems_1': {'count': 1| 'size': 0.7812}| 'reg_preds_1': {'count': 1| 'size': 0.0244}| 'obj_preds_1': {'count': 1| 'size': 0.0061}| 'C3_p3': {'count': 1| 'size': 3.125}| 'partial_out_0': {'count': 1| 'size': 0.6104}| 'partial_out_1': {'count': 1| 'size': 0.1526}}
2000,15.806048460557475,417.5203315604663,5,{'reg_convs_2': {'count': 1| 'size': 0.1953}| 'stems_2': {'count': 1| 'size': 0.1953}| 'reg_preds_2': {'count': 1| 'size': 0.0061}| 'obj_preds_2': {'count': 1| 'size': 0.0015}| 'C3_n3': {'count': 1| 'size': 1.5625}| 'stems_1': {'count': 1| 'size': 0.7812}| 'reg_preds_1': {'count': 1| 'size': 0.0244}| 'obj_preds_1': {'count': 1| 'size': 0.0061}| 'C3_p3': {'count': 1| 'size': 3.125}| 'partial_out_0': {'count': 1| 'size': 0.6104}| 'partial_out_1': {'count': 1| 'size': 0.1526}}
2250,15.81395518309347,553.8670197610257,5,{'reg_convs_2': {'count': 1| 'size': 0.1953}| 'stems_2': {'count': 1| 'size': 0.1953}| 'reg_preds_2': {'count': 1| 'size': 0.0061}| 'obj_preds_2': {'count': 1| 'size': 0.0015}| 'C3_n3': {'count': 1| 'size': 1.5625}| 'stems_1': {'count': 1| 'size': 0.7812}| 'reg_preds_1': {'count': 1| 'size': 0.0244}| 'obj_preds_1': {'count': 1| 'size': 0.0061}| 'C3_p3': {'count': 1| 'size': 3.125}| 'stems_0': {'count': 1| 'size': 3.125}| 'reg_preds_0': {'count': 1| 'size': 0.0977}| 'obj_preds_0': {'count': 1| 'size': 0.0244}| 'partial_out_0': {'count': 1| 'size': 0.6104}| 'partial_out_1': {'count': 1| 'size': 0.1526}}
